{
  "products": [
    {
      "id": 1,
      "title": "Google Pixel Slate 12.3-Inch 2 in 1 Laptop Intel Core m3, 8GB RAM, 64GB, Aspect Ratio 3:2",
      "image": "https://images-na.ssl-images-amazon.com/images/I/71k%2BKbTBn5L._SL1500_.jpg"
    },
    {
      "id": 2,
      "title": "GOOGLE PIXEL 4A (JUST BLACK, 6GB RAM, 128GB STORAGE)",
      "image": "https://vlebazaar.in/image/cache/catalog//B08CFSZLQ4/Google-Pixel-4a-Just-Black-6GB-RAM-128GB-Storage-B08CFSZLQ4-1000x1000.jpg"
    },
    {
      "title": "Quick Charger For Google Pixel 2 XL,3,3a,3a XL,3XL,4,4 XL,4 XL,4a,4a 5G,5,XL Charger Original Like Charger Type-C Qualcomm QC 3.1 Quick Charge Adaptive Fast Charging, Rapid, Dash, VOOC, AFC Charger(3.1 Amp,OP2, WHITE)",
      "image": "https://images-na.ssl-images-amazon.com/images/I/31nj8q6QKAL.jpg",
      "id": 3
    }
  ]
}


{
  "products": [
    {
      "_id": "6386e86736f7e41c0efdef10",
      "title": "",
      "image": "",
      "created_at": "2022-11-30T05:21:43.821Z",
      "updatedAt": "2022-11-30T05:21:43.821Z",
      "__v": 0
    },
    {
      "_id": "6386e8cce591c30ffabcfba2",
      "title": "",
      "image": "",
      "created_at": "2022-11-30T05:23:24.760Z",
      "updatedAt": "2022-11-30T05:23:24.760Z",
      "__v": 0
    },
    {
      "_id": "6386e919e591c30ffabcfba4",
      "title": "test",
      "image": "test images",
      "created_at": "2022-11-30T05:24:41.023Z",
      "updatedAt": "2022-11-30T05:24:41.023Z",
      "__v": 0
    },
    {
      "_id": "638835586711fe82ae94826f",
      "title": "hello",
      "image": "hello world",
      "created_at": "2022-12-01T05:02:16.750Z",
      "updatedAt": "2022-12-01T05:02:16.750Z",
      "__v": 0
    }
  ]
}